segment,naics,industry,jobs,sales,earnings,businesses,jobs_us,sales_us,earnings_us,businesses_us
Agricultural Distribution,424410,General Line Grocery Merchant Wholesalers,27829.88,7210821723.5,2400641426.82,1203.5,263763.06,68807065963.41,23295082292.11,8898.75
Agricultural Distribution,424420,Packaged Frozen Food Merchant Wholesalers,4654.92,1318745427.46,438444890.38,344.25,39569.1,11078284922.92,3750625830.67,2790.5
Agricultural Distribution,424430,Dairy Product (except Dried or Canned) Merchant Wholesalers,3645.18,920272211.93,305008907.36,265.0,36891.5,9680714994.65,3277469389.07,2626.5
Agricultural Distribution,424440,Poultry and Poultry Product Merchant Wholesalers,1476.3,390167695.01,130000657.12,74.75,12462.62,3133951605.49,1061019817.19,740.0
Agricultural Distribution,424450,Confectionery Merchant Wholesalers,7882.31,1928581281.72,639636514.03,358.75,70941.23,18045496316.3,6109420824.8,3899.0
Agricultural Distribution,424470,Meat and Meat Product Merchant Wholesalers,7949.94,2142659189.07,713824681.3,373.25,51196.99,12856937832.93,4352800408.64,3142.5
Agricultural Distribution,424480,Fresh Fruit and Vegetable Merchant Wholesalers,23005.5,6161053584.34,2054789063.65,1196.0,103554.36,23688655498.13,8019949281.27,5373.75
Agricultural Distribution,424490,Other Grocery and Related Products Merchant Wholesalers,33566.15,10202456304.6,3395131112.25,2284.0,268148.85,70611818513.85,23906093074.06,19567.75
Agricultural Distribution,424510,Grain and Field Bean Merchant Wholesalers,1242.22,402101917.21,96429939.88,66.25,45374.51,15373897084.09,3849608927.16,3987.73
Agricultural Distribution,424520,Livestock Merchant Wholesalers,625.65,126619349.15,30081261.23,43.0,17992.78,2742662649.1,686760068.73,1260.5
Agricultural Distribution,424590,Other Farm Product Raw Material Merchant Wholesalers,4021.39,1072980529.72,258614433.06,356.0,18900.67,5341661751.24,1337546924.57,1968.0
Agricultural Distribution,424810,Beer and Ale Merchant Wholesalers,10621.68,3926268156.87,943638678.25,216.75,119741.82,37988199967.07,9512208447.87,3044.0
Agricultural Distribution,424820,Wine and Distilled Alcoholic Beverage Merchant Wholesalers,13128.7,6732630471.28,1642648360.87,856.0,109682.49,49808636502.88,12472034298.29,6562.25
Agricultural Distribution,424910,Farm Supplies Merchant Wholesalers,10104.05,4460509965.06,1073581204.72,917.25,126400.64,47641598481.48,11929410078.35,13068.5
Agricultural Distribution,424930,"Flower, Nursery Stock, and Florists' Supplies Merchant Wholesalers",10909.76,2590827496.02,625655918.53,600.0,63701.55,14590619952.12,3653477092.59,3838.25
Agricultural Distribution,424990,Other Miscellaneous Nondurable Goods Merchant Wholesalers,33294.53,10228751343.5,2478571137.0,3276.0,176665.75,50756214622.94,12709306941.02,15103.75
Agricultural Distribution,445230,Fruit and Vegetable Markets,6835.65,877927934.84,334196769.9,440.0,56514.41,6200154163.71,2400070870.97,3451.5
Agricultural Distribution,445240,Meat Retailers,8736.63,1120878926.77,423494911.75,826.0,73849.6,8184534312.19,3168221608.12,6817.0
Agricultural Distribution,445291,Baked Goods Stores,5061.94,517498115.33,195333051.65,211.75,43385.63,4241003530.42,1641686443.32,2636.75
Agricultural Distribution,445292,Confectionery and Nut Stores,6866.33,685929969.57,259621658.93,547.0,40650.45,3688250372.0,1427716480.74,3159.95
Agricultural Distribution,445298,All Other Specialty Food Retailers,18675.08,1954899481.87,741459790.0,1112.5,163925.99,14759373074.28,5713332354.97,10721.25
Agricultural Distribution,445320,"Beer, Wine, and Liquor Retailers",23995.12,2797514282.17,1055590807.87,4284.25,213021.81,21652264544.49,8381560853.42,34323.5
Agricultural Distribution,456191,Food (Health) Supplement Retailers,18057.73,2158316758.64,682828580.0,1419.25,130527.63,12088958597.82,3927335175.39,10740.75
Agricultural Distribution,459310,Florists,19091.35,1555808696.06,521017407.45,1279.25,154861.26,11991468012.84,4135001223.19,12448.75
Agricultural Distribution,484230,"Specialized Freight (except Used Goods) Trucking, Long-Distance",8123.25,1857169499.26,671151502.56,884.25,154277.62,38910180917.73,14265698933.55,12999.25
Agricultural Distribution,493120,Refrigerated Warehousing and Storage,11291.02,1360179068.64,855852180.31,294.75,80638.62,8774401580.47,5537404701.0,1800.5
Agricultural Distribution,493130,Farm Product Warehousing and Storage,642.29,43308099.14,27229680.5,33.75,14271.65,1268383196.75,800459269.15,910.5
Agricultural Distribution,624210,Community Food Services,6961.35,646113369.82,472635833.77,463.5,54321.06,4145281560.3,3036474754.1,4063.5
Agricultural Processing,115111,Cotton Ginning,339.76,31227059.43,26951857.91,14.0,9368.32,567900134.33,494422872.32,525.0
Agricultural Processing,311111,Dog and Cat Food Manufacturing,2261.06,1833794289.41,192690469.81,101.0,39013.63,34425764774.46,3678875430.23,929.51
Agricultural Processing,311119,Other Animal Food Manufacturing,2906.9,2871953045.78,246999044.77,147.0,38822.45,37499473279.52,3296594560.8,1932.42
Agricultural Processing,311211,Flour Milling,907.5,829329248.03,89197944.62,25.75,15493.89,14090729633.48,1547430417.83,390.5
Agricultural Processing,311212,Rice Milling,1159.93,1018634956.21,107918066.99,23.0,5546.38,3812266668.5,418659470.24,99.5
Agricultural Processing,311213,Malt Manufacturing,27.51,16831530.81,1758315.99,7.0,1425.37,1172028143.51,128711006.95,62.5
Agricultural Processing,311221,Wet Corn Milling,79.6,53468262.84,9335638.27,4.5,13632.91,11076318337.2,1945952245.62,71.5
Agricultural Processing,311224,Soybean and Other Oilseed Processing,468.03,1981233727.57,43068746.95,23.75,10214.89,45812877859.67,1037127781.99,249.75
Agricultural Processing,311225,Fats and Oils Refining and Blending,962.42,1503701050.59,89278028.5,30.75,8564.72,13532955761.58,828721901.09,198.25
Agricultural Processing,311230,Breakfast Cereal Manufacturing,209.09,130968407.39,17334066.6,21.5,13345.38,10822605866.64,1435640903.05,153.75
Agricultural Processing,311313,Beet Sugar Manufacturing,282.08,150668573.49,21208178.51,2.0,6778.74,4060197184.67,587344847.9,33.25
Agricultural Processing,311314,Cane Sugar Manufacturing,640.65,605551237.03,86245822.78,9.0,6810.64,5350390370.73,773983152.93,77.5
Agricultural Processing,311340,Nonchocolate Confectionery Manufacturing,2295.51,1419337593.98,200938165.64,87.25,27529.66,15295846880.79,2212684865.06,706.0
Agricultural Processing,311411,"Frozen Fruit, Juice, and Vegetable Manufacturing",3947.86,1798584320.91,318716727.86,51.25,30924.28,13475572051.62,2428450018.64,331.25
Agricultural Processing,311412,Frozen Specialty Food Manufacturing,7904.07,3552439802.34,629514640.09,110.25,65914.66,26084612804.06,4700741327.17,854.25
Agricultural Processing,311421,Fruit and Vegetable Canning,13010.84,5527962376.49,1036492620.68,155.75,59188.35,24321555290.86,4620491990.23,1151.21
Agricultural Processing,311422,Specialty Canning,627.32,312873285.43,58497744.32,19.75,12706.93,5497947961.71,1044473686.65,160.0
Agricultural Processing,311423,Dried and Dehydrated Food Manufacturing,3690.7,1489995700.95,280062578.61,75.75,13629.6,5262850801.89,999811059.99,344.5
Agricultural Processing,311511,Fluid Milk Manufacturing,7218.51,7123184678.88,806388171.77,93.0,56494.86,45184987114.14,5165298662.66,723.25
Agricultural Processing,311512,Creamery Butter Manufacturing,822.76,831582654.44,92379768.55,9.0,3950.67,3137960622.61,358714361.62,66.25
Agricultural Processing,311513,Cheese Manufacturing,6621.84,7971602546.76,606653033.77,72.0,62305.95,67363460818.97,5303109761.27,737.25
Agricultural Processing,311514,"Dry, Condensed, and Evaporated Dairy Product Manufacturing",1088.62,1533275828.79,115785873.58,37.75,20112.63,27188590982.99,2124090984.18,267.5
Agricultural Processing,311520,Ice Cream and Frozen Dessert Manufacturing,3516.07,1294775704.13,247334271.74,117.75,26313.33,9589436063.46,1844415198.79,921.0
Agricultural Processing,311611,Animal (except Poultry) Slaughtering,3817.96,2239049213.44,266490334.84,43.5,151882.78,89213205124.91,10594280482.6,1623.71
Agricultural Processing,311612,Meat Processed from Carcasses,7646.34,4667650840.53,547260510.62,158.25,153550.39,93017900696.84,11046097138.93,1980.25
Agricultural Processing,311613,Rendering and Meat Byproduct Processing,673.94,579364643.36,67943263.81,16.5,8558.69,6406266804.14,760759433.25,222.0
Agricultural Processing,311615,Poultry Processing,10281.39,3418761940.94,556294509.76,146.25,244409.99,88906914061.5,14703283672.59,834.0
Agricultural Processing,311811,Retail Bakeries,19971.12,2552941319.27,757165778.51,1358.25,137589.55,15753339313.54,4697384489.46,9435.25
Agricultural Processing,311812,Commercial Bakeries,17284.26,4016811067.7,1188262314.76,538.75,159032.72,35452137178.35,10571239277.3,4293.75
Agricultural Processing,311813,"Frozen Cakes, Pies, and Other Pastries Manufacturing",1283.54,308074923.02,91617030.77,39.5,14173.8,3296497242.06,982960800.01,303.75
Agricultural Processing,311821,Cookie and Cracker Manufacturing,2526.34,876337138.14,166437546.22,99.25,39417.67,14331758902.62,2762109958.62,763.25
Agricultural Processing,311824,"Dry Pasta, Dough, and Flour Mixes Manufacturing from Purchased Flour",2655.44,1161532147.77,218632341.34,73.25,22870.46,9667392502.34,1863162873.87,503.25
Agricultural Processing,311830,Tortilla Manufacturing,6042.63,2069634258.06,392032999.74,104.5,22706.16,7009164788.79,1350851908.43,510.0
Agricultural Processing,311911,Roasted Nuts and Peanut Butter Manufacturing,6564.33,5525419085.47,565090347.64,58.25,18244.43,13194269178.29,1384017209.61,342.75
Agricultural Processing,311919,Other Snack Food Manufacturing,4606.5,3630761729.74,371316949.1,76.0,51227.11,37122706473.35,3893998518.0,782.0
Agricultural Processing,311920,Coffee and Tea Manufacturing,4879.61,2420192743.1,343015600.2,198.25,35420.54,16532219487.27,2403656364.99,1678.75
Agricultural Processing,311930,Flavoring Syrup and Concentrate Manufacturing,1482.4,738438040.14,147084081.89,50.0,10751.1,6307712206.33,1295868995.8,336.75
Agricultural Processing,311941,"Mayonnaise, Dressing, and Other Prepared Sauce Manufacturing",3287.69,1686222151.94,292232984.54,82.25,24440.01,11616203715.16,2029089684.49,505.25
Agricultural Processing,311942,Spice and Extract Manufacturing,3613.43,2137559785.96,365270585.02,111.25,31621.73,17086425949.07,2984614551.21,738.5
Agricultural Processing,311991,Perishable Prepared Food Manufacturing,13782.67,4744084294.22,861883386.77,329.75,73269.14,24762737594.65,4543139198.31,1861.0
Agricultural Processing,311999,All Other Miscellaneous Food Manufacturing,5028.06,2476567446.29,449523877.57,226.75,49754.32,21577565135.2,3958765931.88,2115.42
Agricultural Processing,312111,Soft Drink Manufacturing,9049.61,5002796453.68,922177314.38,153.5,82925.1,39243053511.77,7373167387.52,1328.75
Agricultural Processing,312112,Bottled Water Manufacturing,3559.01,1832987399.84,336687745.89,103.25,22327.49,10714176218.33,2013029252.51,801.72
Agricultural Processing,312113,Ice Manufacturing,669.6,255628877.49,46957588.01,48.75,8642.65,2894574686.91,543846152.95,554.75
Agricultural Processing,312120,Breweries,14208.95,6275677432.82,961573404.8,644.75,117248.11,45033617128.67,7218086833.16,6096.5
Agricultural Processing,312130,Wineries,43026.85,18117464315.0,3964977146.12,2149.5,85824.09,26865745918.07,5915483227.16,5791.25
Agricultural Processing,312140,Distilleries,1316.42,1455398360.83,114868588.58,130.5,29212.68,27113319499.54,2443870784.59,1843.25
Agricultural Processing,313110,"Fiber, Yarn, and Thread Mills",307.9,76503131.49,14881550.39,25.5,22496.23,6556528905.66,1303081868.27,388.75
Agricultural Processing,316110,Leather and Hide Tanning and Finishing,157.33,39509241.17,10653706.55,23.0,4446.57,1080130636.78,293356839.21,203.5
Agricultural Processing,316990,Other Leather and Allied Product Manufacturing,2397.55,620658303.41,166699758.18,116.25,14594.28,3243026394.69,880786027.38,954.49
Agricultural Processing,333241,Food Product Machinery Manufacturing,2350.4,778370766.79,210969346.74,120.75,22076.08,7749725025.24,2141156671.74,927.25
Agricultural Processing,333993,Packaging Machinery Manufacturing,2081.95,825688130.12,224898740.61,103.25,25374.92,9735439474.37,2712306407.3,945.0
Agricultural Production,111000,Crop Production,199715.5,51749033641.1,11865553523.0,9109.5,1527332.73,278750537336.37,65281146330.34,52006.74
Agricultural Production,112000,Animal Production,38487.6,15249784459.2,2672570247.71,2479.0,1142485.29,293266427282.73,52690235427.17,28883.72
Agricultural Production,115112,"Soil Preparation, Planting, and Cultivating",14291.61,951788858.86,825233767.51,749.5,85547.86,3760920321.09,3274316935.9,3971.0
Agricultural Production,115113,"Crop Harvesting, Primarily by Machine",6519.75,464787156.72,403310941.8,302.25,19332.04,1035511750.61,901532968.76,1145.75
Agricultural Production,115114,Postharvest Crop Activities (except Cotton Ginning),39882.42,3292739939.19,2862610369.45,598.0,98703.95,6803697252.64,5923406836.39,2234.71
Agricultural Support,115115,Farm Labor Contractors and Crew Leaders,161671.68,8866718846.87,7079091327.39,1598.0,350131.36,16677295064.81,13372817863.15,3169.75
Agricultural Support,115116,Farm Management Services,13707.04,1003523227.71,872415058.96,574.25,38051.82,1999193089.85,1740529241.08,1829.75
Agricultural Support,115210,Support Activities for Animal Production,9827.67,402922786.49,348901472.45,713.25,134579.65,4964688560.47,4322336674.84,6363.75
Agricultural Support,221310,Water Supply and Irrigation Systems,8188.82,2898674057.83,913664980.81,628.0,68279.81,19239858767.1,6293723942.55,5801.5
Agricultural Support,325311,Nitrogenous Fertilizer Manufacturing,852.35,662131411.9,91980747.22,49.0,9499.2,9036833353.55,1296003061.39,351.25
Agricultural Support,325312,Phosphatic Fertilizer Manufacturing,300.75,251843974.1,34297999.99,10.0,6040.02,5547356663.37,795565319.96,71.75
Agricultural Support,325314,Fertilizer (Mixing Only) Manufacturing,927.75,692725616.23,96164752.18,44.5,8493.75,5577165022.82,799840238.35,539.5
Agricultural Support,325315,Compost Manufacturing,246.73,164370358.08,23149010.54,17.75,1445.33,792638177.75,113674941.74,91.0
Agricultural Support,325320,Pesticide and Other Agricultural Chemical Manufacturing,760.23,1064185596.34,107288922.7,40.25,15165.25,18622784973.9,1961360280.95,494.25
Agricultural Support,333111,Farm Machinery and Equipment Manufacturing,4384.64,1896318271.55,386267578.83,168.75,70872.03,32292874090.03,6535326098.13,1661.0
Agricultural Support,423820,Farm and Garden Machinery and Equipment Merchant Wholesalers,7184.03,2006311697.08,688128658.14,631.5,121615.48,33445657938.41,11781894194.71,9474.5
Agricultural Support,444240,"Nursery, Garden Center, and Farm Supply Retailers",15767.05,2507255445.72,718120155.27,1254.25,198210.96,26272079836.4,7856858061.1,13938.75
Agricultural Support,541620,Environmental Consulting Services,26003.95,3870606126.31,2362755648.28,1638.75,175512.94,22995528993.74,14087093323.41,15273.0
Agricultural Support,541690,Other Scientific and Technical Consulting Services,83249.6,12974360515.3,7920882779.37,9407.5,425348.33,65417220394.26,40074680991.39,57170.0
Fishing,114111,Finfish Fishing,2477.75,282390756.0,108518324.02,151.0,37424.98,3659777581.99,1456074436.97,985.5
Fishing,114112,Shellfish Fishing,1238.95,89266171.11,33945933.94,61.0,36941.79,3728460114.2,1483400381.56,1047.96
Fishing,114119,Other Marine Fishing,149.42,7283003.45,2780513.93,13.0,5030.85,450692387.17,179311897.84,186.03
Fishing,311710,Seafood Product Preparation and Packaging,1747.5,676451985.28,131310959.55,49.0,36874.55,14384113741.74,2829764704.8,842.75
Fishing,424460,Fish and Seafood Merchant Wholesalers,5593.4,1346053101.4,448904617.86,424.75,31399.96,7089432174.68,2400173639.16,2786.25
Forestry,113110,Timber Tract Operations,147.89,29013644.12,11873809.76,17.0,7218.79,1073448555.83,447564544.01,682.25
Forestry,113210,Forest Nurseries and Gathering of Forest Products,398.02,69610429.68,28671138.15,26.75,3760.41,488666932.8,203745202.1,357.5
Forestry,113310,Logging,3777.85,648217364.86,256284927.68,262.0,92113.11,12734563662.25,5124749966.64,7875.23
Forestry,115310,Support Activities for Forestry,3858.27,289506452.23,250526659.39,203.25,42340.77,2720014997.44,2368088236.83,3119.46
Forestry,321113,Sawmills,3840.73,2298784805.43,341352495.15,60.0,89563.27,41483921321.1,6369635256.41,3027.25
Forestry,321114,Wood Preservation,708.52,345480962.61,51112161.6,19.25,12218.03,6133019998.0,941692568.19,448.75
Forestry,321211,Hardwood Veneer and Plywood Manufacturing,200.63,90659986.35,15682414.11,13.25,13704.16,5983605402.82,1067122791.98,349.5
Forestry,321212,Softwood Veneer and Plywood Manufacturing,239.56,131120588.99,22295928.65,3.0,14977.35,6705421286.71,1195852233.42,112.25
Forestry,321215,Engineered Wood Member Manufacturing,2816.74,1271887975.73,222253137.36,71.75,42086.71,17544890540.13,3128975144.2,1164.75
Forestry,321219,Reconstituted Wood Product Manufacturing,45.23,33485460.63,5686169.64,7.5,14804.78,7469395760.78,1332100284.36,213.5
Forestry,321911,Wood Window and Door Manufacturing,4138.04,1533718590.54,327485299.74,140.25,61011.28,22081707251.74,4780367102.66,1211.75
Forestry,321912,"Cut Stock, Resawing Lumber, and Planing",630.24,208399941.06,44000777.26,32.0,15542.11,4325054712.91,936311175.18,564.75
Forestry,321918,Other Millwork (including Flooring),3139.95,1095731796.26,232086831.55,122.75,39962.1,12052118896.26,2609107712.2,1728.25
Forestry,321920,Wood Container and Pallet Manufacturing,7328.86,1864163855.13,463785289.82,372.75,72824.89,17715478040.94,4467813652.92,3197.5
Forestry,321992,Prefabricated Wood Building Manufacturing,922.01,302328393.28,75292247.84,42.75,20181.29,5593226291.92,1410602227.79,961.18
Forestry,321999,All Other Miscellaneous Wood Product Manufacturing,3372.67,827960737.73,205785926.48,221.0,41154.74,9765496177.3,2462841648.85,2828.75
Forestry,322110,Pulp Mills,10.0,5974502.79,507056.3,2.0,4888.04,6292547032.99,550847695.41,86.25
Forestry,322120,Paper Mills,346.41,221983872.46,39636260.08,29.0,51198.13,31458296081.69,5822993103.44,513.25
Forestry,322130,Paperboard Mills,476.82,532179727.27,50783239.91,14.0,33235.63,38786968142.9,3894944763.44,279.0
Forestry,322211,Corrugated and Solid Fiber Box Manufacturing,10907.51,5812143970.13,1085471784.71,163.75,104936.37,51775959700.04,9856215945.22,1642.0
Forestry,322212,Folding Paperboard Box Manufacturing,2760.62,1423370994.88,267092607.26,45.75,29068.5,13280895036.34,2528188181.97,402.99
Forestry,322219,Other Paperboard Container Manufacturing,1467.53,607619637.67,112416684.26,34.5,26238.67,11844402341.25,2254733430.22,394.75
Forestry,322220,Paper Bag and Coated and Treated Paper Manufacturing,1869.04,779600230.38,169230872.14,82.0,54844.74,22012045743.23,4892480248.47,1097.25
Forestry,322230,Stationery Product Manufacturing,708.18,269648069.11,60012991.46,30.75,13721.84,4716435367.04,1065778215.61,407.0
Forestry,322291,Sanitary Paper Product Manufacturing,819.93,344413513.75,86919346.45,15.0,28700.99,10851349819.42,2800783896.07,258.75
Forestry,322299,All Other Converted Paper Product Manufacturing,1001.8,297894332.83,78148114.68,48.5,18013.25,5312668835.76,1431321413.02,577.5
Forestry,333243,"Sawmill, Woodworking, and Paper Machinery Manufacturing",395.43,154767779.87,41658645.8,25.0,13656.97,4705895217.18,1300182768.8,557.0
Forestry,337110,Wood Kitchen Cabinet and Countertop Manufacturing,11168.21,1722498658.61,777445545.75,838.0,132514.17,18163508854.1,8226613754.63,8021.0
Forestry,337211,Wood Office Furniture Manufacturing,1069.49,326094418.75,81787843.46,75.25,16206.91,4657120403.25,1186247266.14,554.75
Forestry,423310,"Lumber, Plywood, Millwork, and Wood Panel Merchant Wholesalers",10922.33,3392798081.18,1034338468.95,861.0,119809.42,37586037473.89,11843563649.54,9603.0
Mining,211120,Crude Petroleum Extraction,13341.11,12583895576.1,1149838462.32,86.75,390909.78,378507909609.16,38993277299.59,4401.5
Mining,211130,Natural Gas Extraction,3619.73,2217072247.74,203964413.36,37.25,119710.78,106441992300.38,10965483195.26,1969.75
Mining,212114,Surface Coal Mining,155.18,30126773.12,4106643.48,2.0,23408.41,17968428452.64,2666554933.0,424.25
Mining,212115,Underground Coal Mining,140.68,51451304.18,6944013.14,0.0,26513.52,22846370457.56,3390452426.34,269.0
Mining,212210,Iron Ore Mining,105.11,38078221.98,6913031.7,5.25,6499.41,3878138233.99,764303275.46,46.5
Mining,212220,Gold Ore and Silver Ore Mining,2720.93,657347219.38,124546601.3,20.75,25963.26,13781834831.5,2716123270.5,238.75
Mining,212230,"Copper, Nickel, Lead, and Zinc Mining",0.0,0.0,0.0,0.0,21350.34,23707120455.18,2583190196.05,108.0
Mining,212290,Other Metal Ore Mining,224.15,154884078.47,27556085.96,14.75,8840.81,4076313981.42,803359741.15,147.25
Mining,212311,Dimension Stone Mining and Quarrying,219.14,121163814.54,25938197.57,21.0,11199.16,3488317234.79,781839458.15,577.75
Mining,212312,Crushed and Broken Limestone Mining and Quarrying,335.72,134772955.54,28886347.56,8.0,30020.04,12133328764.16,2719453119.65,1163.75
Mining,212313,Crushed and Broken Granite Mining and Quarrying,291.98,110221278.93,23743202.29,6.0,7859.77,3255303962.5,729613998.62,296.93
Mining,212319,Other Crushed and Broken Stone Mining and Quarrying,726.55,306771681.61,66464924.56,33.5,11809.24,4619984158.03,1035480911.75,505.5
Mining,212321,Construction Sand and Gravel Mining,2676.85,1145034624.9,307627836.25,131.5,47645.05,14927556299.18,4140855303.89,2636.5
Mining,212322,Industrial Sand Mining,270.23,101775973.38,26632074.96,9.0,10047.51,3472445330.73,963244979.76,251.0
Mining,212323,"Kaolin, Clay, and Ceramic and Refractory Minerals Mining",207.64,76866992.29,20576802.55,7.0,6963.35,2472925362.61,685981409.06,184.75
Mining,212390,Other Nonmetallic Mineral Mining and Quarrying,1731.84,810715330.2,217767687.19,31.25,15587.16,6130461376.38,1700569939.04,488.25
Mining,213111,Drilling Oil and Gas Wells,1892.5,1117924118.98,310527864.98,109.75,51629.6,22176888920.16,6501311999.93,2105.0
Mining,213112,Support Activities for Oil and Gas Operations,6368.34,1733515275.54,628620908.9,259.25,250815.2,76877281439.81,28960962667.07,14042.49
Mining,213113,Support Activities for Coal Mining,72.77,25971766.45,8630342.77,3.5,5889.45,1700742715.81,640698336.05,380.25
Mining,213114,Support Activities for Metal Mining,153.47,45824710.73,16072182.52,11.75,6093.47,2040196554.5,768576296.42,436.71
Mining,213115,Support Activities for Nonmetallic Minerals (except Fuels) Mining,168.39,38204827.87,13117055.21,16.0,4162.0,1085428465.17,408899126.88,339.99
Mining,327120,Clay Building Material and Refractories Manufacturing,1282.71,260386123.26,89866409.12,54.5,23614.82,5316957956.62,1851447447.68,682.72
Mining,327310,Cement Manufacturing,1332.0,1040320248.75,168408472.02,30.25,15249.31,10543078762.96,1759537982.41,438.75
Mining,327320,Ready-Mix Concrete Manufacturing,8784.64,3864831796.83,871550463.89,380.0,110090.76,44318988655.29,10183780531.27,5738.75
Mining,327331,Concrete Block and Brick Manufacturing,1170.61,362240448.56,108299734.34,42.5,19074.47,5633736036.55,1717348986.72,848.5
Mining,327390,Other Concrete Product Manufacturing,4292.55,1298129309.35,374037517.9,123.75,57942.05,16615343402.32,4876751088.48,2096.25
Mining,327410,Lime Manufacturing,104.39,96813546.4,14322476.6,5.0,4467.27,3133564946.06,484013233.28,99.5
Mining,327991,Cut Stone and Stone Product Manufacturing,2313.71,427949421.29,164123679.16,161.75,38631.64,6979535462.87,2701164757.0,2968.5
Mining,327992,Ground or Treated Mineral and Earth Manufacturing,196.91,125840923.06,15895607.13,18.0,6878.01,5681524908.78,744220771.43,173.5
Mining,331410,Nonferrous Metal (except Aluminum) Smelting and Refining,90.34,108656098.94,7832538.2,14.0,8384.31,12703746960.47,936332336.97,171.0
Mining,333131,Mining Machinery and Equipment Manufacturing,117.82,22531941.06,8638629.26,15.5,10172.77,2445410926.99,948861424.89,353.0
Mining,333132,Oil and Gas Field Machinery and Equipment Manufacturing,796.77,204995910.51,78274830.37,38.5,50648.34,16637691739.01,6455710047.01,1324.75
Mining,423320,"Brick, Stone, and Related Construction Material Merchant Wholesalers",7314.27,2204573454.99,673232536.53,610.25,70528.7,20546094409.96,6474185448.86,6589.5
Mining,423520,Coal and Other Mineral and Ore Merchant Wholesalers,122.03,45611439.6,14295523.24,30.5,2938.79,1708507370.6,538359911.0,505.99
Mining,532412,"Construction, Mining, and Forestry Machinery and Equipment Rental and Leasing",10973.27,9672893367.58,1217829460.38,670.25,106241.01,84814976228.38,11267546757.99,7384.0
Mining,541360,Geophysical Surveying and Mapping Services,1240.66,230850609.04,116003160.44,143.75,17565.21,3576850689.45,1832344272.43,2488.0
Outdoor Recreation,114210,Hunting and Trapping,434.33,32729666.23,12383232.82,18.0,19495.66,1101017032.09,438049230.91,622.5
Outdoor Recreation,441222,Boat Dealers,2117.1,515780539.67,157281039.76,263.5,44537.9,10354447064.35,3293496870.39,4590.75
Outdoor Recreation,487110,"Scenic and Sightseeing Transportation, Land",2035.47,268830357.7,116202539.36,101.75,15538.88,1547008955.59,674820513.22,882.5
Outdoor Recreation,487210,"Scenic and Sightseeing Transportation, Water",3456.17,345933822.21,149350926.31,273.25,27795.58,2884748879.12,1258355817.57,2474.5
Outdoor Recreation,487990,"Scenic and Sightseeing Transportation, Other",415.19,34467545.77,14847072.3,37.75,4244.66,515198215.06,224734525.7,302.0
Outdoor Recreation,532284,Recreational Goods Rental,3386.19,614089696.29,161084788.84,361.25,26684.42,4414645175.12,1186646870.53,3369.0
Outdoor Recreation,712130,Zoos and Botanical Gardens,6468.07,1226764115.64,397756245.61,97.75,48752.23,7572178856.24,2478049591.27,913.0
Outdoor Recreation,712190,Nature Parks and Other Similar Institutions,1441.05,266251940.76,86114399.0,92.75,14736.91,2097917373.94,686558438.42,936.5
Outdoor Recreation,713920,Skiing Facilities,4785.03,613347633.84,233515630.79,26.75,46293.88,4910132026.66,1950184541.09,425.25
Outdoor Recreation,713930,Marinas,3405.93,483702188.9,188434399.49,204.75,58111.06,7435211160.03,2953084313.28,4051.0
Outdoor Recreation,713990,All Other Amusement and Recreation Industries,34619.11,3567602823.81,1380846290.58,2151.0,339501.04,28271501168.98,11228749906.08,24693.5
Outdoor Recreation,721211,RV (Recreational Vehicle) Parks and Campgrounds,4288.75,681584997.84,179707447.61,395.25,51904.75,6281406296.97,1734473180.54,5624.5
Outdoor Recreation,721214,Recreational and Vacation Camps (except Campgrounds),3993.49,631685652.96,166142372.7,275.25,47346.52,6492236144.56,1792689239.02,3287.75
Renewable Energy,221111,Hydroelectric Power Generation,2008.3,3166003678.67,439675692.11,36.0,10564.05,11935745524.73,1720688374.09,688.74
Renewable Energy,221114,Solar Electric Power Generation,3235.07,4417416545.2,611080313.09,425.25,16989.95,18930320455.6,2729044638.09,2320.49
Renewable Energy,221115,Wind Electric Power Generation,973.2,1415756890.05,190197869.91,60.0,11501.9,14021218271.54,2021335594.03,691.75
Renewable Energy,221116,Geothermal Electric Power Generation,852.87,1083632638.1,153371367.95,19.75,1374.85,1577725051.16,227448980.66,66.0
Renewable Energy,221117,Biomass Electric Power Generation,566.18,817753870.57,112785904.24,33.5,2892.53,2981949954.56,429885725.05,216.0
Renewable Energy,221118,Other Electric Power Generation,1263.91,1968536176.87,271424487.32,125.0,5671.57,7064777370.86,1018476831.83,696.42
