county,region,segment,jobs,sales,earnings,businesses
Alameda,Bay Area,Agricultural Production,1014.53,417845932.63,87338422.64,74.0
Alameda,Bay Area,Agricultural Distribution,15824.01,4557847757.43,1430287077.52,942.75
Alameda,Bay Area,Outdoor Recreation,2308.1,274506743.24,99336442.89,142.75
Alameda,Bay Area,Fishing,499.16,113039355.34,34781356.78,31.75
Alameda,Bay Area,Renewable Energy,179.58,248838533.98,34191328.51,32.25
Alameda,Bay Area,Agricultural Processing,11698.31,5391725745.42,950924699.55,360.0
Alameda,Bay Area,Mining,3188.79,1890746852.7,320984229.04,127.0
Alameda,Bay Area,Agricultural Support,7163.22,1186963514.16,672871358.66,607.0
Alameda,Bay Area,Forestry,2627.4,882286525.55,217484260.25,125.0
Alpine,Sierra,Agricultural Processing,60.0,2738020.12,410503.86,0.0
Alpine,Sierra,Outdoor Recreation,419.21,41549208.5,15719197.63,5.25
Alpine,Sierra,Renewable Energy,10.0,781656.62,108129.94,0.75
Alpine,Sierra,Agricultural Support,40.0,1735771.4,619627.2,3.5
Alpine,Sierra,Mining,32.14,1626760.18,673791.11,0.0
Alpine,Sierra,Agricultural Production,0.0,0.0,0.0,0.0
Alpine,Sierra,Forestry,30.0,1068658.08,473857.0,1.0
Alpine,Sierra,Fishing,0.0,0.0,0.0,0.0
Alpine,Sierra,Agricultural Distribution,20.0,134379.03,50731.72,0.0
Amador,Sierra,Outdoor Recreation,132.59,13518208.15,4293097.25,7.25
Amador,Sierra,Agricultural Processing,495.59,104411256.16,22400053.18,37.75
Amador,Sierra,Mining,388.53,144690058.38,30379012.55,10.0
Amador,Sierra,Renewable Energy,80.46,138607775.35,19241169.36,2.0
Amador,Sierra,Agricultural Distribution,228.57,25996146.5,9218495.9,16.5
Amador,Sierra,Forestry,125.43,12529416.97,4857515.93,4.75
Amador,Sierra,Fishing,22.47,3974854.07,1526039.67,1.0
Amador,Sierra,Agricultural Production,471.2,71385886.07,16923695.57,34.75
Amador,Sierra,Agricultural Support,282.28,49739697.02,14125887.1,19.25
Butte,North State,Fishing,54.03,7411651.45,1814431.64,0.0
Butte,North State,Agricultural Support,1529.5,278834081.83,104599000.93,83.0
Butte,North State,Agricultural Processing,1859.79,927842899.1,131264456.72,39.5
Butte,North State,Forestry,1104.49,297475080.43,89822651.36,51.25
Butte,North State,Renewable Energy,535.14,990332267.94,137513217.12,1.5
Butte,North State,Agricultural Production,3584.84,898462962.39,228771692.16,321.5
Butte,North State,Outdoor Recreation,263.74,22801758.24,8354183.35,28.5
Butte,North State,Mining,428.83,103536245.24,17539161.41,22.25
Butte,North State,Agricultural Distribution,1337.74,260004061.85,77981977.64,99.25
Calaveras,Sierra,Renewable Energy,20.0,1021868.31,141734.24,2.0
Calaveras,Sierra,Mining,142.4,9883989.35,2344994.52,6.5
Calaveras,Sierra,Agricultural Distribution,227.73,14505344.4,4848144.58,19.75
Calaveras,Sierra,Agricultural Production,529.93,74775253.02,16756066.14,26.25
Calaveras,Sierra,Forestry,162.53,12961601.95,5440408.58,16.0
Calaveras,Sierra,Agricultural Processing,283.01,43778293.84,8052240.06,23.5
Calaveras,Sierra,Fishing,40.0,2093790.63,584137.85,0.0
Calaveras,Sierra,Agricultural Support,400.37,52101125.21,30648342.42,17.75
Calaveras,Sierra,Outdoor Recreation,183.64,18812721.23,6558340.35,10.75
Colusa,Capital,Mining,41.85,24119411.86,2452541.45,1.0
Colusa,Capital,Fishing,0.0,0.0,0.0,0.0
Colusa,Capital,Outdoor Recreation,43.71,2479475.74,959632.1,3.0
Colusa,Capital,Agricultural Distribution,568.75,197053547.95,49783372.1,27.5
Colusa,Capital,Agricultural Support,792.36,88559495.64,42750111.56,26.0
Colusa,Capital,Forestry,40.0,2042584.31,942614.5,2.0
Colusa,Capital,Agricultural Production,2564.4,764280946.28,197752938.0,259.0
Colusa,Capital,Agricultural Processing,780.75,841659570.3,72343778.8,13.0
Colusa,Capital,Renewable Energy,10.0,814013.61,112606.02,0.0
Contra Costa,Bay Area,Agricultural Distribution,6120.32,1363585188.62,418113539.71,399.25
Contra Costa,Bay Area,Outdoor Recreation,1685.28,192566216.95,68566996.2,115.25
Contra Costa,Bay Area,Renewable Energy,174.08,212293360.85,29320480.54,18.0
Contra Costa,Bay Area,Agricultural Processing,2917.88,1453754749.71,225236692.54,113.25
Contra Costa,Bay Area,Agricultural Production,1135.67,328085744.29,73884009.43,74.75
Contra Costa,Bay Area,Forestry,1138.95,278209125.78,99125010.31,54.0
Contra Costa,Bay Area,Fishing,158.65,20424408.66,6030204.63,3.5
Contra Costa,Bay Area,Mining,1607.95,1010750053.7,153208644.77,67.0
Contra Costa,Bay Area,Agricultural Support,5080.22,718007885.19,408284783.8,364.75
Del Norte,Redwood,Agricultural Distribution,180.11,14427533.32,4658223.48,7.75
Del Norte,Redwood,Agricultural Production,316.6,94183800.23,18853691.73,14.0
Del Norte,Redwood,Renewable Energy,10.0,682190.12,94370.31,0.0
Del Norte,Redwood,Outdoor Recreation,139.17,14500685.51,4378036.83,17.5
Del Norte,Redwood,Agricultural Processing,167.16,50679039.78,7711893.04,6.0
Del Norte,Redwood,Fishing,269.28,32468826.05,12411265.7,40.5
Del Norte,Redwood,Mining,40.0,970982.02,251742.69,0.0
Del Norte,Redwood,Forestry,125.66,7944491.49,2756682.96,7.5
Del Norte,Redwood,Agricultural Support,133.83,9682304.2,3684859.22,2.5
El Dorado,Capital,Agricultural Distribution,831.79,125271358.16,39477331.99,82.25
El Dorado,Capital,Agricultural Production,1181.17,148320759.74,36736829.51,51.25
El Dorado,Capital,Outdoor Recreation,1740.57,236495346.9,81756030.61,72.0
El Dorado,Capital,Forestry,459.85,73969602.84,27493050.78,29.0
El Dorado,Capital,Mining,208.36,45702082.23,10783401.26,16.0
El Dorado,Capital,Fishing,37.68,1308884.64,491516.55,0.0
El Dorado,Capital,Renewable Energy,219.01,450949540.66,62339374.58,9.75
El Dorado,Capital,Agricultural Processing,810.17,186143905.08,36127279.18,67.75
El Dorado,Capital,Agricultural Support,902.81,86964408.71,49082508.18,99.5
Fresno,Central San Joaquin,Agricultural Production,25858.13,5561054170.24,1629243869.98,1208.0
Fresno,Central San Joaquin,Agricultural Distribution,10896.61,2607222800.11,797717245.58,550.0
Fresno,Central San Joaquin,Mining,1205.37,611702085.91,94711976.89,57.5
Fresno,Central San Joaquin,Agricultural Processing,15726.55,6746111473.28,1041426856.9,200.25
Fresno,Central San Joaquin,Renewable Energy,263.02,315486248.33,43925725.13,20.25
Fresno,Central San Joaquin,Forestry,2389.06,803433024.83,176741715.64,79.75
Fresno,Central San Joaquin,Fishing,192.36,35906109.47,12121504.6,2.0
Fresno,Central San Joaquin,Outdoor Recreation,2310.41,228593278.14,80354381.34,62.75
Fresno,Central San Joaquin,Agricultural Support,24205.78,2155780892.68,1139907729.69,510.75
Glenn,North State,Agricultural Support,801.48,83058555.34,47507719.14,35.5
Glenn,North State,Agricultural Processing,454.37,246870305.02,30810870.01,10.0
Glenn,North State,Forestry,112.51,19866746.84,4791732.24,8.0
Glenn,North State,Agricultural Distribution,465.41,94844488.4,28517425.19,33.5
Glenn,North State,Renewable Energy,10.0,782858.59,108296.21,0.0
Glenn,North State,Agricultural Production,2623.71,765648592.47,179466599.78,216.5
Glenn,North State,Outdoor Recreation,67.04,3574465.25,1196002.51,4.0
Glenn,North State,Fishing,10.0,385541.11,74840.16,0.0
Glenn,North State,Mining,100.21,19529268.88,5146139.09,8.0
Humboldt,Redwood,Mining,274.23,47032557.92,8804167.93,9.75
Humboldt,Redwood,Agricultural Distribution,1324.44,236394099.43,68954013.91,108.5
Humboldt,Redwood,Outdoor Recreation,250.79,23906563.18,7769910.3,33.5
Humboldt,Redwood,Agricultural Processing,738.07,212233722.84,32764600.5,38.0
Humboldt,Redwood,Agricultural Production,1447.65,416842409.92,90339742.8,175.0
Humboldt,Redwood,Forestry,1566.11,568766882.64,123938781.22,78.5
Humboldt,Redwood,Renewable Energy,20.0,348418.21,48241.46,0.0
Humboldt,Redwood,Fishing,439.13,72204432.06,19844407.91,44.75
Humboldt,Redwood,Agricultural Support,902.72,178578312.01,50946516.45,73.5
Imperial,Southern Border,Renewable Energy,496.24,576128755.99,81228567.84,5.0
Imperial,Southern Border,Fishing,20.0,450822.25,159322.9,1.0
Imperial,Southern Border,Agricultural Production,7174.72,1409447700.02,440965448.27,238.25
Imperial,Southern Border,Agricultural Support,3151.55,317276151.97,191912822.5,89.5
Imperial,Southern Border,Agricultural Distribution,1660.86,399414456.4,114721828.4,116.5
Imperial,Southern Border,Agricultural Processing,1499.56,694467862.71,85632410.62,17.0
Imperial,Southern Border,Outdoor Recreation,170.01,15976208.75,4547751.29,8.5
Imperial,Southern Border,Mining,515.75,294920849.77,54103184.06,15.25
Imperial,Southern Border,Forestry,104.68,11669963.74,2887851.77,9.0
Inyo,Sierra,Agricultural Distribution,149.11,17701658.3,5245633.14,10.75
Inyo,Sierra,Outdoor Recreation,163.17,13887440.9,4523272.74,16.75
Inyo,Sierra,Agricultural Support,103.6,7814399.56,3798212.62,14.0
Inyo,Sierra,Agricultural Processing,372.99,144839101.16,23945244.78,11.0
Inyo,Sierra,Renewable Energy,107.46,129094870.78,18259919.85,4.0
Inyo,Sierra,Mining,91.75,23068620.06,4523879.84,8.5
Inyo,Sierra,Agricultural Production,113.56,36085312.34,6950348.41,8.5
Inyo,Sierra,Forestry,87.71,7053576.67,1398816.26,2.5
Inyo,Sierra,Fishing,20.0,671188.18,202087.89,0.0
Kern,Kern County,Fishing,58.36,5711344.01,1811943.86,2.0
Kern,Kern County,Agricultural Support,41297.72,2502452617.33,1721480547.09,569.0
Kern,Kern County,Agricultural Production,22222.31,5736654879.07,1498622102.72,512.25
Kern,Kern County,Forestry,746.16,177488483.53,44265712.75,41.25
Kern,Kern County,Agricultural Processing,5320.74,2898642766.42,395524953.61,97.0
Kern,Kern County,Renewable Energy,493.88,539671965.28,73208402.11,30.5
Kern,Kern County,Outdoor Recreation,987.26,77206103.9,27605800.04,57.25
Kern,Kern County,Mining,10261.58,9278766686.45,1399991030.59,257.5
Kern,Kern County,Agricultural Distribution,4962.61,1060995793.27,334798877.45,353.5
Kings,Central San Joaquin,Outdoor Recreation,153.63,14301652.17,4629109.77,7.0
Kings,Central San Joaquin,Agricultural Production,5515.16,1792411759.37,399388052.55,303.5
Kings,Central San Joaquin,Mining,156.35,39961016.75,9096376.98,4.25
Kings,Central San Joaquin,Renewable Energy,10.0,869350.47,120261.01,1.0
Kings,Central San Joaquin,Forestry,190.0,43692847.67,11604938.21,8.0
Kings,Central San Joaquin,Agricultural Processing,4256.76,3419385704.79,328420140.98,35.75
Kings,Central San Joaquin,Fishing,20.0,262745.77,96685.37,0.0
Kings,Central San Joaquin,Agricultural Support,3606.18,266768388.94,187553184.48,76.25
Kings,Central San Joaquin,Agricultural Distribution,685.78,146768846.62,38472919.29,44.0
Lake,Redwood,Agricultural Support,602.38,62643029.53,33045689.51,31.0
Lake,Redwood,Agricultural Distribution,285.66,29463852.35,9108800.29,21.5
Lake,Redwood,Fishing,40.0,1952875.32,733045.26,0.0
Lake,Redwood,Mining,120.21,26326513.46,5244182.87,5.0
Lake,Redwood,Outdoor Recreation,124.87,13828318.2,4173844.62,11.0
Lake,Redwood,Agricultural Processing,315.63,61372784.25,13137995.18,24.75
Lake,Redwood,Forestry,149.57,17100508.98,6608986.08,10.0
Lake,Redwood,Agricultural Production,1099.31,142569814.44,46962465.28,46.0
Lake,Redwood,Renewable Energy,20.0,1559286.51,220021.04,1.0
Lassen,North State,Renewable Energy,10.0,313806.1,43579.52,0.0
Lassen,North State,Agricultural Distribution,184.6,21821736.48,6346743.84,14.75
Lassen,North State,Mining,60.94,9112464.09,1995349.44,3.0
Lassen,North State,Agricultural Support,112.74,8828421.45,3572622.83,8.5
Lassen,North State,Outdoor Recreation,80.96,5349101.45,1684555.14,5.0
Lassen,North State,Fishing,10.0,81657.5,31379.69,0.0
Lassen,North State,Agricultural Production,630.69,182441260.59,40572057.75,29.75
Lassen,North State,Agricultural Processing,45.57,3733757.44,984411.07,0.0
Lassen,North State,Forestry,244.7,52201545.5,17802561.7,12.0
Los Angeles,Los Angeles County,Agricultural Production,5450.68,1346112589.78,339278569.92,392.25
Los Angeles,Los Angeles County,Mining,14883.18,7047306650.67,1195540599.32,546.0
Los Angeles,Los Angeles County,Agricultural Distribution,94064.06,21504345681.02,6730502356.87,7353.5
Los Angeles,Los Angeles County,Agricultural Processing,52524.33,24275206212.92,4118049847.32,1746.25
Los Angeles,Los Angeles County,Outdoor Recreation,10732.67,1514188925.63,540882442.33,729.5
Los Angeles,Los Angeles County,Renewable Energy,798.06,1156014891.99,160067726.79,97.0
Los Angeles,Los Angeles County,Fishing,4344.59,1256875854.82,363946290.93,235.5
Los Angeles,Los Angeles County,Forestry,15592.55,5622338547.28,1310022764.81,795.5
Los Angeles,Los Angeles County,Agricultural Support,29321.5,5614481724.62,2905801804.66,3179.5
Madera,Central San Joaquin,Forestry,597.99,187631324.03,43566240.45,18.0
Madera,Central San Joaquin,Agricultural Support,8773.82,567582744.24,383688459.31,137.25
Madera,Central San Joaquin,Agricultural Processing,1228.5,789007816.64,103818271.46,32.5
Madera,Central San Joaquin,Renewable Energy,58.75,52802742.4,7294606.0,2.5
Madera,Central San Joaquin,Mining,476.36,138331725.43,35031859.58,13.0
Madera,Central San Joaquin,Agricultural Production,5766.05,1436453916.34,377762046.73,330.5
Madera,Central San Joaquin,Outdoor Recreation,262.02,38751286.65,11840187.83,23.5
Madera,Central San Joaquin,Fishing,30.0,467479.96,161118.67,2.0
Madera,Central San Joaquin,Agricultural Distribution,762.71,149458086.07,44967969.71,88.25
Marin,Bay Area,Agricultural Production,482.94,147942966.13,31772461.62,52.75
Marin,Bay Area,Agricultural Support,1834.38,254345070.17,147318929.43,158.5
Marin,Bay Area,Agricultural Processing,1048.74,374662804.63,58575640.98,58.75
Marin,Bay Area,Renewable Energy,90.1,130066398.42,17946642.71,5.0
Marin,Bay Area,Fishing,129.17,21237324.68,7465068.56,8.0
Marin,Bay Area,Outdoor Recreation,938.92,146201559.54,50857756.24,80.25
Marin,Bay Area,Forestry,346.0,70036690.54,22494380.88,22.0
Marin,Bay Area,Mining,348.22,103339601.51,27570694.37,18.0
Marin,Bay Area,Agricultural Distribution,1868.94,574099147.52,162448593.99,150.0
Mariposa,Sierra,Agricultural Distribution,89.2,4846635.61,1531609.96,4.0
Mariposa,Sierra,Forestry,91.02,5623450.04,2530813.48,5.75
Mariposa,Sierra,Agricultural Production,272.59,80625609.28,14504485.44,10.5
Mariposa,Sierra,Mining,60.0,5732805.8,1366508.88,3.0
Mariposa,Sierra,Agricultural Processing,100.0,7504587.3,1166699.62,6.0
Mariposa,Sierra,Renewable Energy,20.0,1752060.27,244419.89,1.0
Mariposa,Sierra,Fishing,20.0,890194.86,186049.68,0.0
Mariposa,Sierra,Agricultural Support,77.17,3859516.0,1982263.3,6.75
Mariposa,Sierra,Outdoor Recreation,90.33,3356259.16,1283290.02,5.0
Mendocino,Redwood,Forestry,1386.39,435318153.83,110583385.32,74.0
Mendocino,Redwood,Agricultural Distribution,763.11,134784611.84,39585348.51,54.5
Mendocino,Redwood,Mining,217.43,44202970.61,10132412.79,11.0
Mendocino,Redwood,Fishing,313.22,36303762.2,12861199.07,19.0
Mendocino,Redwood,Agricultural Processing,1218.32,405826769.46,81435066.51,67.25
Mendocino,Redwood,Agricultural Production,1747.08,290400731.41,70804642.12,139.5
Mendocino,Redwood,Renewable Energy,40.0,2039018.19,281204.88,1.0
Mendocino,Redwood,Agricultural Support,1019.28,89367462.96,44617471.75,65.25
Mendocino,Redwood,Outdoor Recreation,403.05,45092947.6,14479990.28,42.0
Merced,Northern San Joaquin,Agricultural Distribution,1998.97,414743183.49,126723608.75,106.0
Merced,Northern San Joaquin,Agricultural Processing,7157.17,4287605535.93,551542190.16,81.0
Merced,Northern San Joaquin,Renewable Energy,20.0,1249193.11,171288.55,1.25
Merced,Northern San Joaquin,Fishing,30.0,412013.43,153365.46,0.0
Merced,Northern San Joaquin,Outdoor Recreation,330.59,30769601.63,11839431.2,13.0
Merced,Northern San Joaquin,Agricultural Support,4823.93,523816248.95,264824820.72,139.0
Merced,Northern San Joaquin,Mining,428.07,117009375.0,21213903.96,14.5
Merced,Northern San Joaquin,Agricultural Production,11826.73,3076322725.5,755621061.49,638.0
Merced,Northern San Joaquin,Forestry,392.71,123110391.93,27584564.65,9.5
Modoc,North State,Renewable Energy,10.0,739514.46,102300.23,0.0
Modoc,North State,Outdoor Recreation,52.74,1272830.79,477923.56,0.0
Modoc,North State,Forestry,89.55,3152212.61,1471631.03,4.0
Modoc,North State,Agricultural Processing,90.0,4808596.77,780197.1,1.0
Modoc,North State,Agricultural Production,633.29,158207930.62,39527184.22,48.0
Modoc,North State,Mining,52.17,4461047.5,1477169.68,3.0
Modoc,North State,Agricultural Support,77.66,3363926.71,1875082.34,5.0
Modoc,North State,Fishing,20.0,183424.23,66976.29,1.0
Modoc,North State,Agricultural Distribution,114.88,13378718.32,3595301.37,7.0
Mono,Sierra,Forestry,70.0,2595548.93,781195.5,3.0
Mono,Sierra,Fishing,20.0,822706.39,315823.82,0.0
Mono,Sierra,Mining,94.64,41163027.37,4186869.02,5.0
Mono,Sierra,Agricultural Production,91.79,22627233.29,4535455.21,10.0
Mono,Sierra,Agricultural Distribution,83.18,3210603.74,1046020.01,3.0
Mono,Sierra,Agricultural Processing,127.9,39619648.44,5368209.41,5.5
Mono,Sierra,Renewable Energy,0.0,0.0,0.0,0.0
Mono,Sierra,Outdoor Recreation,198.27,27873164.88,8134455.99,33.0
Mono,Sierra,Agricultural Support,78.66,3547016.34,2103409.04,4.0
Monterey,Central Coast,Mining,740.68,769851923.29,94846515.85,26.5
Monterey,Central Coast,Forestry,1134.56,393049461.1,91685539.44,33.5
Monterey,Central Coast,Agricultural Distribution,5201.32,1496069192.9,456502591.45,298.0
Monterey,Central Coast,Agricultural Production,32500.87,6611985783.12,2190136909.8,461.75
Monterey,Central Coast,Renewable Energy,78.38,71063729.99,9863161.03,3.0
Monterey,Central Coast,Outdoor Recreation,1122.09,221143987.95,73909021.66,56.25
Monterey,Central Coast,Agricultural Processing,3146.54,1049302352.99,202439222.27,139.75
Monterey,Central Coast,Fishing,310.61,50062142.33,17580337.05,11.0
Monterey,Central Coast,Agricultural Support,28350.84,2084905020.93,1485028790.39,252.75
Napa,Bay Area,Agricultural Distribution,2113.69,696745871.88,197092034.5,195.0
Napa,Bay Area,Forestry,462.34,150879972.89,38026820.48,22.25
Napa,Bay Area,Agricultural Production,4626.33,1161293810.81,320836822.0,180.75
Napa,Bay Area,Agricultural Support,3812.6,310203225.12,234754302.26,132.5
Napa,Bay Area,Outdoor Recreation,516.01,68132870.5,27036291.48,34.0
Napa,Bay Area,Agricultural Processing,13379.57,7208644804.53,1450260357.95,534.0
Napa,Bay Area,Fishing,30.0,1532995.59,572839.42,1.0
Napa,Bay Area,Mining,581.8,190175833.45,41487264.33,13.0
Napa,Bay Area,Renewable Energy,10.0,774440.51,107131.7,1.0
Nevada,Capital,Outdoor Recreation,1157.47,152024500.85,53754014.5,54.75
Nevada,Capital,Fishing,30.0,1840698.24,693308.66,1.0
Nevada,Capital,Agricultural Processing,503.24,73803177.06,14460832.91,27.5
Nevada,Capital,Agricultural Support,627.05,73692362.01,35476350.68,75.75
Nevada,Capital,Agricultural Distribution,576.04,84777194.03,25189683.71,49.25
Nevada,Capital,Forestry,418.95,63075356.96,25340152.12,27.75
Nevada,Capital,Renewable Energy,30.0,2442290.72,338119.66,2.0
Nevada,Capital,Agricultural Production,652.92,102309413.76,21668138.11,37.25
Nevada,Capital,Mining,231.83,49256401.52,12930413.45,21.5
Orange,Orange County,Mining,6476.58,2600701800.69,473473378.03,241.75
Orange,Orange County,Forestry,6445.09,2116418591.22,549351516.6,319.75
Orange,Orange County,Outdoor Recreation,4937.5,673092364.9,235171681.66,340.5
Orange,Orange County,Agricultural Support,14929.8,2415187867.79,1311716714.89,1384.5
Orange,Orange County,Agricultural Distribution,26611.28,6129718930.08,1839720427.03,1989.25
Orange,Orange County,Agricultural Processing,12463.42,5031730658.53,890117509.51,522.5
Orange,Orange County,Fishing,501.23,101919431.39,29395978.68,33.25
Orange,Orange County,Agricultural Production,1655.56,399321661.65,98678788.52,113.5
Orange,Orange County,Renewable Energy,615.06,955284018.5,132059631.28,50.75
Placer,Capital,Agricultural Production,1217.51,214882690.64,47309173.04,63.25
Placer,Capital,Agricultural Distribution,2505.7,485179905.75,151737664.26,152.25
Placer,Capital,Agricultural Support,2457.08,467655640.24,217980194.82,165.5
Placer,Capital,Mining,768.71,382455661.87,80324840.83,33.5
Placer,Capital,Agricultural Processing,1417.4,438765070.42,75422922.3,68.75
Placer,Capital,Renewable Energy,166.56,139072440.91,19127566.59,11.75
Placer,Capital,Forestry,1358.2,507849383.11,115770893.58,48.5
Placer,Capital,Outdoor Recreation,4302.18,579333800.63,218401360.11,87.5
Placer,Capital,Fishing,66.73,3889981.22,1081632.81,0.0
Plumas,North State,Renewable Energy,120.2,193740417.06,26905512.63,1.0
Plumas,North State,Agricultural Processing,66.45,10311421.06,1931828.73,7.0
Plumas,North State,Fishing,20.0,365632.8,140316.88,0.0
Plumas,North State,Forestry,634.56,274036342.06,47776338.84,20.75
Plumas,North State,Agricultural Distribution,162.81,10579238.86,3390129.67,7.5
Plumas,North State,Agricultural Production,114.43,24773253.84,4941058.1,9.0
Plumas,North State,Mining,90.0,5924004.31,1572158.59,5.0
Plumas,North State,Agricultural Support,94.88,7786935.38,3400226.94,7.0
Plumas,North State,Outdoor Recreation,201.17,25003169.27,6843541.09,18.75
Riverside,Inland SoCal,Mining,4078.27,1676839850.88,357228009.75,201.0
Riverside,Inland SoCal,Agricultural Processing,7942.65,3292308144.82,514763997.98,261.5
Riverside,Inland SoCal,Agricultural Production,8740.32,2106300902.18,522125549.71,371.0
Riverside,Inland SoCal,Forestry,4903.4,1521852419.08,363729389.01,170.5
Riverside,Inland SoCal,Agricultural Support,10697.83,1104880112.59,522209399.49,597.5
Riverside,Inland SoCal,Fishing,121.08,17893912.7,4630158.62,5.25
Riverside,Inland SoCal,Outdoor Recreation,2871.07,345611860.03,115508431.84,171.75
Riverside,Inland SoCal,Agricultural Distribution,16777.79,4573253178.29,1494720847.71,966.75
Riverside,Inland SoCal,Renewable Energy,321.07,265495483.67,36043676.75,36.75
Sacramento,Capital,Fishing,234.33,40149612.58,12522895.66,7.5
Sacramento,Capital,Agricultural Processing,4987.24,2599610340.73,400024990.95,169.0
Sacramento,Capital,Agricultural Support,6519.56,1081023334.04,549980063.25,463.75
Sacramento,Capital,Mining,2063.4,793159665.36,147905356.7,87.75
Sacramento,Capital,Forestry,3128.05,1018046012.28,244945867.61,114.0
Sacramento,Capital,Agricultural Distribution,9624.39,1930427338.73,624657698.74,581.5
Sacramento,Capital,Outdoor Recreation,1866.84,201226651.94,70094715.69,110.25
Sacramento,Capital,Renewable Energy,618.18,1117985767.85,154204481.43,18.5
Sacramento,Capital,Agricultural Production,3654.11,933788234.64,217433433.92,225.25
San Benito,Central Coast,Agricultural Distribution,498.93,88999528.53,26053179.1,35.0
San Benito,Central Coast,Outdoor Recreation,244.24,31761786.09,9399413.81,10.0
San Benito,Central Coast,Agricultural Production,1939.0,421185245.71,133503094.55,86.0
San Benito,Central Coast,Forestry,180.87,33116203.14,7176619.43,10.5
San Benito,Central Coast,Fishing,30.0,468089.99,164886.49,1.0
San Benito,Central Coast,Agricultural Support,603.43,138946858.0,36184219.83,20.0
San Benito,Central Coast,Mining,544.64,118522764.38,35376749.08,10.0
San Benito,Central Coast,Renewable Energy,30.0,1517846.29,210146.16,0.0
San Benito,Central Coast,Agricultural Processing,1246.03,517648930.59,80115846.71,22.0
San Bernardino,Inland SoCal,Outdoor Recreation,3602.7,427860291.8,148045706.52,175.0
San Bernardino,Inland SoCal,Agricultural Processing,10354.75,5300373828.29,766394935.15,238.0
San Bernardino,Inland SoCal,Forestry,6431.8,2327880206.57,529686574.18,249.75
San Bernardino,Inland SoCal,Agricultural Production,2902.02,796803200.86,168711496.45,166.0
San Bernardino,Inland SoCal,Agricultural Distribution,19426.91,4078380301.06,1363098050.92,1069.75
San Bernardino,Inland SoCal,Renewable Energy,877.21,1130711415.06,156712709.15,19.75
San Bernardino,Inland SoCal,Fishing,124.71,18614240.47,4771931.24,14.25
San Bernardino,Inland SoCal,Mining,5941.62,2746867009.8,579848903.47,183.0
San Bernardino,Inland SoCal,Agricultural Support,4861.87,753733111.48,306711195.33,402.5
San Diego,Southern Border,Renewable Energy,602.94,778083477.97,106834359.8,67.0
San Diego,Southern Border,Agricultural Production,12254.98,3081349813.27,697390998.89,463.25
San Diego,Southern Border,Agricultural Support,17905.68,3103708677.62,1583848952.38,1548.5
San Diego,Southern Border,Agricultural Distribution,23960.93,5026467428.96,1503889086.18,1810.25
San Diego,Southern Border,Agricultural Processing,13079.77,5000125767.65,831496752.65,562.75
San Diego,Southern Border,Fishing,727.53,127024209.31,41964161.02,62.25
San Diego,Southern Border,Mining,3826.37,1882796673.34,360692381.89,244.0
San Diego,Southern Border,Forestry,3446.43,1154365931.69,287288331.81,248.75
San Diego,Southern Border,Outdoor Recreation,10539.93,1498599439.41,513640952.08,519.5
San Francisco,Bay Area,Agricultural Support,6192.28,1751335362.47,1051824241.27,466.5
San Francisco,Bay Area,Agricultural Distribution,7507.07,2404451665.77,763529134.54,673.0
San Francisco,Bay Area,Mining,486.31,256428079.43,47049805.24,41.75
San Francisco,Bay Area,Agricultural Processing,2809.5,1281228246.42,216884363.86,215.5
San Francisco,Bay Area,Fishing,379.47,82272373.29,25053050.41,30.0
San Francisco,Bay Area,Renewable Energy,702.19,1627820211.69,223910111.28,23.5
San Francisco,Bay Area,Forestry,449.65,150077773.47,39635166.47,44.75
San Francisco,Bay Area,Agricultural Production,236.45,68806905.19,15318840.54,39.25
San Francisco,Bay Area,Outdoor Recreation,2625.53,567720182.09,199127636.04,127.25
San Joaquin,Northern San Joaquin,Outdoor Recreation,619.55,75752583.07,25373226.16,51.25
San Joaquin,Northern San Joaquin,Agricultural Processing,9386.22,5254965534.54,806771337.34,196.5
San Joaquin,Northern San Joaquin,Agricultural Support,7208.58,943374944.91,433417875.01,295.75
San Joaquin,Northern San Joaquin,Renewable Energy,44.28,30902635.28,4243547.64,4.0
San Joaquin,Northern San Joaquin,Agricultural Distribution,8014.05,1956201616.19,629158348.17,397.75
San Joaquin,Northern San Joaquin,Mining,1585.33,653281901.95,129947728.23,51.5
San Joaquin,Northern San Joaquin,Forestry,2578.55,911756633.6,209222485.07,74.75
San Joaquin,Northern San Joaquin,Fishing,85.45,5242629.15,1741218.82,1.0
San Joaquin,Northern San Joaquin,Agricultural Production,12658.12,2998980542.92,815535116.43,791.75
San Luis Obispo,Central Coast,Forestry,323.21,40053877.71,14439575.51,20.75
San Luis Obispo,Central Coast,Agricultural Production,3898.82,905068987.91,217695228.33,239.0
San Luis Obispo,Central Coast,Fishing,149.73,7045822.13,2674469.92,4.0
San Luis Obispo,Central Coast,Renewable Energy,69.77,48707906.3,6735480.83,5.75
San Luis Obispo,Central Coast,Agricultural Processing,4738.73,1796691771.26,368957180.17,269.25
San Luis Obispo,Central Coast,Agricultural Distribution,2794.33,550717216.53,164795831.49,232.25
San Luis Obispo,Central Coast,Agricultural Support,5744.74,519308613.23,307187082.47,209.25
San Luis Obispo,Central Coast,Outdoor Recreation,769.95,104127782.45,32861740.78,70.75
San Luis Obispo,Central Coast,Mining,687.81,212077520.5,42520054.11,30.25
San Mateo,Bay Area,Agricultural Production,1327.74,478480729.06,109187127.87,85.25
San Mateo,Bay Area,Outdoor Recreation,1064.72,129912324.63,48183552.81,84.5
San Mateo,Bay Area,Agricultural Distribution,5925.72,1495517890.21,470895533.38,411.75
San Mateo,Bay Area,Forestry,731.02,169109753.09,53706091.34,58.25
San Mateo,Bay Area,Mining,980.65,358845878.38,70718397.4,33.5
San Mateo,Bay Area,Fishing,326.97,84490413.14,27161596.54,21.5
San Mateo,Bay Area,Agricultural Support,3745.32,715332041.73,407143861.93,289.75
San Mateo,Bay Area,Agricultural Processing,2703.13,747743041.91,168381854.77,135.0
San Mateo,Bay Area,Renewable Energy,127.53,219330777.9,30255758.7,10.25
Santa Barbara,Central Coast,Outdoor Recreation,1252.19,153889485.94,52164652.31,72.5
Santa Barbara,Central Coast,Fishing,360.2,56542327.54,16436610.72,9.5
Santa Barbara,Central Coast,Agricultural Production,19619.99,4336081522.45,1084378112.2,457.5
Santa Barbara,Central Coast,Renewable Energy,60.34,24555813.87,3394821.72,4.0
Santa Barbara,Central Coast,Agricultural Distribution,4464.55,1006463387.3,311578809.27,341.5
Santa Barbara,Central Coast,Mining,1554.35,1265690668.47,163151107.23,59.5
Santa Barbara,Central Coast,Agricultural Support,14524.37,1129599105.17,783217065.47,298.75
Santa Barbara,Central Coast,Agricultural Processing,3346.86,1142216300.56,218377018.79,214.75
Santa Barbara,Central Coast,Forestry,532.12,100420240.19,33852523.61,31.5
Santa Clara,Bay Area,Agricultural Support,8557.62,1767189444.58,963219594.67,607.25
Santa Clara,Bay Area,Mining,2400.73,934156191.33,181708542.27,84.0
Santa Clara,Bay Area,Outdoor Recreation,2329.39,243035381.49,86585455.79,120.0
Santa Clara,Bay Area,Renewable Energy,160.44,145207729.34,20082211.84,23.25
Santa Clara,Bay Area,Fishing,487.15,88066324.0,29363032.37,14.75
Santa Clara,Bay Area,Forestry,2094.2,674539728.31,175065343.46,118.75
Santa Clara,Bay Area,Agricultural Production,3363.4,813200299.26,235886205.91,171.25
Santa Clara,Bay Area,Agricultural Distribution,9539.47,1881113981.78,605473353.19,672.5
Santa Clara,Bay Area,Agricultural Processing,4584.33,1587450448.7,294942017.28,226.25
Santa Cruz,Central Coast,Outdoor Recreation,684.68,79748728.7,27563014.52,48.25
Santa Cruz,Central Coast,Agricultural Production,7583.38,1894469083.64,438526218.48,231.5
Santa Cruz,Central Coast,Agricultural Support,1925.85,217862815.63,117569441.53,130.0
Santa Cruz,Central Coast,Mining,284.0,100786629.51,20975988.97,13.5
Santa Cruz,Central Coast,Forestry,485.13,135816682.59,31285359.5,37.0
Santa Cruz,Central Coast,Agricultural Processing,2106.49,603524565.63,118398321.45,97.0
Santa Cruz,Central Coast,Renewable Energy,68.78,67094842.89,9277386.87,3.5
Santa Cruz,Central Coast,Fishing,132.1,15459895.0,4446409.14,13.0
Santa Cruz,Central Coast,Agricultural Distribution,2693.56,631742351.74,202575357.99,202.5
Shasta,North State,Agricultural Production,1678.21,374621009.4,78373315.71,52.75
Shasta,North State,Renewable Energy,397.2,642299882.18,89173792.75,5.0
Shasta,North State,Forestry,1658.14,650742743.85,152392952.42,72.0
Shasta,North State,Agricultural Support,1037.38,162744170.0,69065386.26,66.25
Shasta,North State,Agricultural Processing,550.91,115546149.5,21169321.13,16.5
Shasta,North State,Agricultural Distribution,1186.47,223557301.27,63243898.06,72.25
Shasta,North State,Fishing,111.45,6129442.1,1931984.25,2.0
Shasta,North State,Mining,611.37,313512004.74,66519200.05,24.25
Shasta,North State,Outdoor Recreation,437.54,44890588.83,14873154.82,36.75
Sierra,North State,Forestry,60.0,2199711.72,721250.05,2.0
Sierra,North State,Agricultural Processing,10.0,394934.61,86430.79,0.0
Sierra,North State,Agricultural Distribution,61.2,598785.78,393434.6,3.0
Sierra,North State,Renewable Energy,10.0,426182.68,58955.69,0.0
Sierra,North State,Outdoor Recreation,30.0,1292059.45,355641.37,2.0
Sierra,North State,Fishing,20.0,87612.04,33587.22,0.0
Sierra,North State,Agricultural Production,67.65,11716177.8,2254049.24,5.0
Sierra,North State,Mining,26.9,6528385.47,1341655.92,1.0
Sierra,North State,Agricultural Support,40.0,851732.45,368851.44,2.0
Siskiyou,North State,Agricultural Support,238.86,24986826.79,11427210.16,24.75
Siskiyou,North State,Forestry,812.94,239129102.47,62263864.04,46.5
Siskiyou,North State,Agricultural Processing,291.66,69121993.0,12200179.99,13.0
Siskiyou,North State,Mining,179.87,37393447.94,8344704.64,7.25
Siskiyou,North State,Fishing,30.0,1100886.77,407331.26,1.0
Siskiyou,North State,Agricultural Production,1361.02,352144993.14,81849494.97,75.5
Siskiyou,North State,Agricultural Distribution,399.11,46819376.23,15578784.74,40.0
Siskiyou,North State,Renewable Energy,63.46,64394744.98,8941961.09,1.0
Siskiyou,North State,Outdoor Recreation,282.95,28255673.11,8345765.61,19.25
Solano,Bay Area,Agricultural Distribution,2200.46,483943293.61,145702855.08,162.25
Solano,Bay Area,Forestry,878.97,354649629.98,87515156.54,28.75
Solano,Bay Area,Agricultural Support,1166.43,148589375.28,63086461.78,80.5
Solano,Bay Area,Outdoor Recreation,602.19,49310575.12,18392956.22,33.5
Solano,Bay Area,Fishing,48.28,4513940.49,1356477.01,0.0
Solano,Bay Area,Agricultural Processing,4098.48,2206602602.3,320207741.25,77.5
Solano,Bay Area,Renewable Energy,40.0,1084609.32,152294.72,1.0
Solano,Bay Area,Agricultural Production,1940.19,520123917.31,123079591.37,129.75
Solano,Bay Area,Mining,991.37,367685543.17,82737141.62,32.75
Sonoma,Bay Area,Forestry,1581.39,501302447.63,128048520.37,100.75
Sonoma,Bay Area,Mining,864.29,357932293.34,77172804.41,57.75
Sonoma,Bay Area,Renewable Energy,90.53,62737518.87,8670477.26,9.5
Sonoma,Bay Area,Agricultural Distribution,5269.24,1424501570.84,406023179.04,366.75
Sonoma,Bay Area,Fishing,173.76,21504445.21,7027629.64,11.0
Sonoma,Bay Area,Agricultural Processing,12775.87,5944807460.03,1125152103.44,579.75
Sonoma,Bay Area,Agricultural Production,6494.3,1586917953.28,361181544.29,446.25
Sonoma,Bay Area,Outdoor Recreation,1445.58,201670266.49,69847596.87,86.25
Sonoma,Bay Area,Agricultural Support,5100.95,606912458.95,328040324.23,272.25
Stanislaus,Northern San Joaquin,Agricultural Production,11573.63,3360640035.89,807769699.39,788.0
Stanislaus,Northern San Joaquin,Agricultural Distribution,4496.56,984817416.0,315774925.17,267.0
Stanislaus,Northern San Joaquin,Agricultural Support,6381.47,843538163.66,394386267.71,235.25
Stanislaus,Northern San Joaquin,Renewable Energy,93.42,105957843.85,14623152.31,9.0
Stanislaus,Northern San Joaquin,Forestry,2303.35,1018396214.73,202579641.79,57.25
Stanislaus,Northern San Joaquin,Agricultural Processing,15294.11,9891193232.57,1430337434.02,166.0
Stanislaus,Northern San Joaquin,Mining,780.69,272123312.21,61125897.06,30.0
Stanislaus,Northern San Joaquin,Fishing,58.15,5373632.32,1869905.09,3.0
Stanislaus,Northern San Joaquin,Outdoor Recreation,484.16,33803611.25,12811190.64,32.0
Sutter,Capital,Fishing,32.7,1355433.6,515409.2,0.0
Sutter,Capital,Agricultural Support,1950.35,278158509.85,108990937.04,70.75
Sutter,Capital,Agricultural Production,3690.8,894768203.34,230166130.81,412.0
Sutter,Capital,Mining,176.95,145089129.15,20095026.35,11.25
Sutter,Capital,Renewable Energy,10.0,4658256.38,644396.73,0.75
Sutter,Capital,Outdoor Recreation,134.08,6947931.95,2683146.54,18.5
Sutter,Capital,Agricultural Processing,862.91,342342068.13,64008777.12,9.75
Sutter,Capital,Forestry,264.46,66512836.09,17545298.61,12.0
Sutter,Capital,Agricultural Distribution,1057.42,248960966.31,80342262.57,64.25
Tehama,North State,Mining,138.07,21639913.64,4320716.44,7.0
Tehama,North State,Agricultural Production,2662.56,571091413.93,161625332.29,119.5
Tehama,North State,Agricultural Distribution,410.09,46595443.24,15661741.46,26.5
Tehama,North State,Renewable Energy,0.0,0.0,0.0,0.0
Tehama,North State,Fishing,40.0,1963151.49,657650.08,1.0
Tehama,North State,Outdoor Recreation,94.73,4376249.53,1558859.13,5.5
Tehama,North State,Forestry,1534.79,497375696.54,116690978.18,20.25
Tehama,North State,Agricultural Support,805.19,79883503.58,40359078.95,40.25
Tehama,North State,Agricultural Processing,426.32,122788746.33,22136833.07,12.0
Trinity,North State,Fishing,30.0,1280675.92,379155.73,0.0
Trinity,North State,Renewable Energy,10.0,381517.69,52982.9,2.0
Trinity,North State,Agricultural Distribution,130.0,2030141.88,780514.46,6.0
Trinity,North State,Outdoor Recreation,134.98,15242611.52,4270549.9,12.0
Trinity,North State,Agricultural Processing,103.97,9651007.47,1717022.72,5.0
Trinity,North State,Forestry,232.89,91955056.09,15104883.01,6.0
Trinity,North State,Agricultural Production,230.22,59798358.61,13621433.09,11.75
Trinity,North State,Agricultural Support,76.65,6251315.92,2999245.19,9.0
Trinity,North State,Mining,47.43,7507378.08,1600178.11,2.0
Tulare,Central San Joaquin,Fishing,30.12,855929.95,315456.83,0.0
Tulare,Central San Joaquin,Agricultural Production,19680.23,5165035813.21,1253227737.67,932.5
Tulare,Central San Joaquin,Forestry,1870.8,626029777.5,128352891.48,38.5
Tulare,Central San Joaquin,Agricultural Support,22280.07,1437688143.81,918367966.54,461.0
Tulare,Central San Joaquin,Mining,539.3,184364829.76,34052698.45,23.25
Tulare,Central San Joaquin,Agricultural Processing,8448.5,6058382588.76,706627315.69,99.25
Tulare,Central San Joaquin,Outdoor Recreation,353.02,40048759.91,13265247.18,25.25
Tulare,Central San Joaquin,Renewable Energy,68.42,44791319.04,6200322.81,5.25
Tulare,Central San Joaquin,Agricultural Distribution,3517.35,807293957.12,251582582.35,239.75
Tuolumne,Sierra,Outdoor Recreation,587.74,69993863.22,23081194.44,24.25
Tuolumne,Sierra,Agricultural Distribution,246.9,25445450.07,8468807.27,20.0
Tuolumne,Sierra,Renewable Energy,30.0,7904622.88,1090733.11,1.0
Tuolumne,Sierra,Agricultural Support,290.11,32112217.64,13976920.31,22.75
Tuolumne,Sierra,Forestry,628.61,237223069.06,48184321.23,29.75
Tuolumne,Sierra,Agricultural Processing,213.84,51226776.06,8468222.36,10.0
Tuolumne,Sierra,Agricultural Production,316.72,43338700.23,9338089.73,9.0
Tuolumne,Sierra,Fishing,20.0,342390.36,131426.02,0.0
Tuolumne,Sierra,Mining,203.94,60458457.25,12081295.06,6.75
Ventura,Central Coast,Forestry,1641.37,751969148.9,165202058.56,63.0
Ventura,Central Coast,Agricultural Support,9642.92,1083359553.71,586103912.8,444.0
Ventura,Central Coast,Agricultural Distribution,7108.98,1664239350.71,502590657.6,523.0
Ventura,Central Coast,Outdoor Recreation,1294.24,143313744.39,49697374.25,112.25
Ventura,Central Coast,Agricultural Production,21704.73,4847798922.7,1199967800.15,455.75
Ventura,Central Coast,Fishing,268.08,28472103.66,10117615.38,20.0
Ventura,Central Coast,Renewable Energy,61.48,17004212.89,2336583.66,9.75
Ventura,Central Coast,Mining,2810.72,3034068723.52,377479729.2,97.5
Ventura,Central Coast,Agricultural Processing,3298.32,1328865100.54,237643552.47,139.75
Yolo,Capital,Agricultural Support,3689.41,808136675.68,279568983.13,135.75
Yolo,Capital,Forestry,702.13,290865078.5,70566137.26,32.75
Yolo,Capital,Agricultural Production,3504.15,907561190.84,256885041.78,231.5
Yolo,Capital,Agricultural Distribution,3032.86,897018311.35,265243137.09,144.75
Yolo,Capital,Agricultural Processing,2833.22,1690951799.12,244349180.92,72.5
Yolo,Capital,Outdoor Recreation,307.9,24852985.99,8889568.72,17.5
Yolo,Capital,Renewable Energy,113.83,136544619.46,18860469.97,4.75
Yolo,Capital,Fishing,55.91,9639756.8,2297284.97,0.5
Yolo,Capital,Mining,1213.64,470985780.76,110272638.63,33.5
Yuba,Capital,Forestry,461.24,140796705.16,29000010.14,16.0
Yuba,Capital,Renewable Energy,40.0,7882636.85,1090082.74,2.0
Yuba,Capital,Agricultural Processing,203.89,30109269.78,5548502.8,11.0
Yuba,Capital,Fishing,20.0,403638.59,154539.26,0.0
Yuba,Capital,Outdoor Recreation,195.06,19434796.83,5727668.2,8.0
Yuba,Capital,Mining,455.48,107142050.81,23430611.71,10.0
Yuba,Capital,Agricultural Production,1283.54,264304398.97,67343336.65,95.25
Yuba,Capital,Agricultural Support,298.04,46857049.09,16894210.07,11.75
Yuba,Capital,Agricultural Distribution,372.8,36043549.32,12962629.41,29.0
