county,region,jobs,sales,earnings,businesses
Alameda,Bay Area,1096253.42,357024845796.65,110550876680.42,71664.5
Alpine,Sierra,2413.1,269807875.22,78206591.37,87.25
Amador,Sierra,20208.12,5345458403.82,1169580616.42,1310.75
Butte,North State,111852.58,20172635219.76,6888209866.09,8738.5
Calaveras,Sierra,19813.12,3161508131.26,1013779431.13,1531.25
Colusa,Capital,13670.39,3513533102.72,858524991.64,1038.75
Contra Costa,Bay Area,604863.74,183276532760.33,51641358233.66,38854.25
Del Norte,Redwood,12990.01,3190572308.19,684205644.49,813.25
El Dorado,Capital,98524.18,19405581396.83,6764778452.75,6473.75
Fresno,Central San Joaquin,569241.17,119688573765.25,36746669053.02,42932.5
Glenn,North State,15382.36,3047130772.12,845765834.44,1283.25
Humboldt,Redwood,75964.63,14746222097.35,4442616374.64,6932.75
Imperial,Southern Border,87985.83,23188945710.15,5482295921.38,9176.0
Inyo,Sierra,11931.98,3065968019.0,709155425.97,852.25
Kern,Kern County,461845.88,121109152898.44,31025844501.12,26778.25
Kings,Central San Joaquin,72541.2,25257359435.41,4698260109.86,5154.5
Lake,Redwood,27019.7,4008669343.63,1439764138.74,3424.0
Lassen,North State,13641.57,6021710214.08,869401734.86,771.75
Los Angeles,Los Angeles County,6850629.63,1705961474217.3,566022183990.26,562404.0
Madera,Central San Joaquin,76252.21,16155724521.14,4735442078.0,5432.25
Marin,Bay Area,198038.67,46486244154.68,17661363620.24,12952.25
Mariposa,Sierra,10764.5,2608192876.27,510428106.32,639.0
Mendocino,Redwood,51061.9,8616558967.37,2824779989.42,4436.25
Merced,Northern San Joaquin,116523.67,22920523180.7,7044260333.1,8108.0
Modoc,North State,5760.37,1025619965.08,247539777.77,424.5
Mono,Sierra,13065.92,2503924264.12,694993090.22,731.0
Monterey,Central Coast,270464.43,63425415953.43,18791714593.68,15470.0
Napa,Bay Area,112087.97,27438413406.11,8494505420.64,6415.0
Nevada,Capital,61443.15,10410730422.86,3709259287.07,4473.0
Orange,Orange County,2396412.32,570054553989.72,201286872095.5,146651.25
Placer,Capital,275183.12,55892868586.66,20772217951.18,15636.5
Plumas,North State,11701.61,2471133879.91,648423510.38,993.0
Riverside,Inland SoCal,1230526.06,221634148782.97,76701422397.4,83452.5
Sacramento,Capital,991040.02,383795183918.95,84138639724.1,70653.5
San Benito,Central Coast,29259.85,5675653971.36,1723474730.85,1876.5
San Bernardino,Inland SoCal,1193277.68,250989335250.15,79196900110.55,74660.5
San Diego,Southern Border,2281840.88,643066315949.96,191441478780.16,131455.5
San Francisco,Bay Area,950444.41,452604655684.24,164474478025.1,65215.0
San Joaquin,Northern San Joaquin,392424.6,81791626652.27,26499247726.53,21582.5
San Luis Obispo,Central Coast,183891.29,39172790903.25,12095382600.62,11550.0
San Mateo,Bay Area,599087.9,362021234433.99,109291103976.91,30974.5
Santa Barbara,Central Coast,307499.81,66557133503.66,22842546437.26,17230.25
Santa Clara,Bay Area,1475935.95,668108352339.83,271895711617.6,82005.25
Santa Cruz,Central Coast,158541.18,31802128663.42,11153822850.03,10151.5
Shasta,North State,99590.93,21571445247.94,6275323811.44,8484.5
Sierra,North State,2152.71,217824689.29,56992488.02,138.5
Siskiyou,North State,23199.46,4737318310.7,1242837796.41,1850.5
Solano,Bay Area,215010.32,60777342081.18,15553882440.64,13360.5
Sonoma,Bay Area,312493.78,66740301728.98,23248582121.37,21371.0
Stanislaus,Northern San Joaquin,271200.53,56403757664.74,18398999277.15,17456.5
Sutter,Capital,48638.08,8410533328.72,2900207188.26,4100.75
Tehama,North State,29828.65,5618030387.42,1755177535.5,2216.0
Trinity,North State,6432.29,1203253680.22,287236786.01,470.5
Tulare,Central San Joaquin,231859.18,43456686041.75,14193116407.22,14418.5
Tuolumne,Sierra,28010.08,6247984879.43,1611813645.96,1883.75
Ventura,Central Coast,497250.69,121121012645.98,36784073726.39,30995.25
Yolo,Capital,148176.84,38454106027.29,12103248950.54,7829.75
Yuba,Capital,36543.22,11329981453.78,2416343572.3,2069.5
